Date,House,Senate
1990-01-28,57.91,50.37
1990-02-04,58.08,50.37
1990-02-11,58.31,50.83
1990-02-18,58.31,50.83
1990-02-25,58.31,50.65
1990-03-04,58.12,50.68
1990-03-11,58.22,49.91
1990-03-18,57.99,49.91
1990-03-25,57.95,49.42
1990-04-01,58.32,49.01
1990-04-08,57.48,48.69
1990-04-15,57.48,48.69
1990-04-22,58.12,48.69
1990-04-29,57.75,48.37
1990-05-06,57.46,49.02
1990-05-13,57.82,50.33
1990-05-20,58.06,50.43
1990-05-27,57.79,50.61
1990-06-03,57.79,50.61
1990-06-10,57.13,50.83
1990-06-17,56.66,51.09
1990-06-24,56.64,51.38
1990-07-01,55.50,51.16
1990-07-08,55.50,51.16
1990-07-15,55.59,50.70
1990-07-22,55.74,51.00
1990-07-29,53.93,49.47
1990-08-05,54.21,51.13
1990-08-12,54.21,51.13
1990-08-19,54.21,51.13
1990-08-26,54.21,51.13
1990-09-02,54.21,51.13
1990-09-09,54.21,51.13
1990-09-16,54.36,50.87
1990-09-23,54.52,50.80
1990-09-30,55.08,50.80
1990-10-07,54.39,50.80
1990-10-14,53.13,50.61
1990-10-21,53.67,49.35
1990-10-28,52.55,49.09
1990-11-04,52.55,49.09
1990-11-11,52.55,49.09
1990-11-18,52.55,49.09
1990-11-25,52.55,49.09
1990-12-02,52.55,49.09
1990-12-09,52.55,49.09
1990-12-16,52.55,49.09
1990-12-23,52.55,49.09
1990-12-30,52.55,49.09
1991-01-06,53.26,49.09
1991-01-13,53.48,49.38
1991-01-20,53.48,49.38
1991-01-27,53.48,49.38
1991-02-03,53.48,49.38
1991-02-10,53.48,49.38
1991-02-17,53.48,49.38
1991-02-24,53.48,48.93
1991-03-03,53.48,49.31
1991-03-10,53.54,49.07
1991-03-17,53.56,48.98
1991-03-24,53.16,49.35
1991-03-31,53.16,49.35
1991-04-07,53.16,49.35
1991-04-14,53.16,49.35
1991-04-21,53.37,48.91
1991-04-28,53.37,48.39
1991-05-05,53.65,48.39
1991-05-12,53.61,48.54
1991-05-19,53.67,48.90
1991-05-26,53.72,51.86
1991-06-02,53.42,51.86
1991-06-09,54.45,51.72
1991-06-16,54.31,51.14
1991-06-23,53.62,50.25
1991-06-30,53.24,49.95
1991-07-07,53.24,49.95
1991-07-14,53.10,50.30
1991-07-21,54.21,50.41
1991-07-28,53.73,50.44
1991-08-04,53.91,49.99
1991-08-11,53.91,49.99
1991-08-18,53.91,49.99
1991-08-25,53.91,49.99
1991-09-01,53.91,49.99
1991-09-08,53.91,49.99
1991-09-15,53.94,49.88
1991-09-22,54.15,49.89
1991-09-29,54.75,50.78
1991-10-06,55.01,51.35
1991-10-13,55.57,51.40
1991-10-20,55.82,51.45
1991-10-27,55.08,51.58
1991-11-03,55.60,51.00
1991-11-10,54.84,50.87
1991-11-17,54.78,50.28
1991-11-24,54.69,49.39
1991-12-01,55.70,49.30
1991-12-08,55.70,49.30
1991-12-15,55.70,49.30
1991-12-22,55.70,49.30
1991-12-29,55.70,49.30
1992-01-05,55.70,49.30
1992-01-12,55.70,49.30
1992-01-19,55.70,49.30
1992-01-26,55.70,49.35
1992-02-02,55.70,49.33
1992-02-09,57.57,49.22
1992-02-16,57.57,49.22
1992-02-23,57.39,48.73
1992-03-01,58.21,49.14
1992-03-08,58.31,49.14
1992-03-15,57.70,50.27
1992-03-22,58.12,50.75
1992-03-29,57.94,50.84
1992-04-05,58.13,50.63
1992-04-12,58.97,50.69
1992-04-19,58.97,50.69
1992-04-26,58.97,50.69
1992-05-03,58.67,50.82
1992-05-10,59.84,51.31
1992-05-17,59.78,52.03
1992-05-24,59.82,53.45
1992-05-31,59.43,53.45
1992-06-07,59.20,53.18
1992-06-14,59.80,53.08
1992-06-21,59.53,53.26
1992-06-28,59.65,52.84
1992-07-05,58.01,52.42
1992-07-12,58.44,52.42
1992-07-19,58.44,52.42
1992-07-26,57.84,52.52
1992-08-02,57.82,51.43
1992-08-09,57.90,51.11
1992-08-16,58.02,50.59
1992-08-23,58.02,50.59
1992-08-30,58.02,50.59
1992-09-06,58.02,50.59
1992-09-13,57.87,50.09
1992-09-20,57.96,49.88
1992-09-27,58.31,49.65
1992-10-04,57.43,48.81
1992-10-11,56.57,48.47
1992-10-18,56.57,48.47
1992-10-25,56.57,48.47
1992-11-01,56.57,48.47
1992-11-08,56.57,48.47
1992-11-15,56.57,48.47
1992-11-22,56.57,48.47
1992-11-29,56.57,48.47
1992-12-06,56.57,48.47
1992-12-13,56.57,48.47
1992-12-20,56.57,48.47
1992-12-27,56.57,48.47
1993-01-03,56.57,48.47
1993-01-10,57.32,48.47
1993-01-17,57.32,48.47
1993-01-24,57.32,48.47
1993-01-31,57.77,48.47
1993-02-07,60.16,49.84
1993-02-14,60.16,49.84
1993-02-21,60.44,49.82
1993-02-28,61.41,49.83
1993-03-07,61.85,50.91
1993-03-14,61.93,51.90
1993-03-21,63.06,53.15
1993-03-28,63.77,57.83
1993-04-04,66.10,60.01
1993-04-11,66.10,60.20
1993-04-18,66.10,60.20
1993-04-25,65.95,60.70
1993-05-02,66.26,60.87
1993-05-09,66.97,60.73
1993-05-16,67.66,60.82
1993-05-23,68.19,60.82
1993-05-30,69.18,60.68
1993-06-06,69.18,60.68
1993-06-13,69.33,61.84
1993-06-20,67.40,62.40
1993-06-27,63.55,63.22
1993-07-04,62.41,62.88
1993-07-11,62.41,62.88
1993-07-18,62.20,63.04
1993-07-25,63.37,63.91
1993-08-01,62.63,62.76
1993-08-08,62.82,62.36
1993-08-15,62.82,62.36
1993-08-22,62.82,62.36
1993-08-29,62.82,62.36
1993-09-05,62.82,62.36
1993-09-12,62.65,61.42
1993-09-19,63.33,60.34
1993-09-26,61.35,58.58
1993-10-03,61.08,57.37
1993-10-10,60.32,57.31
1993-10-17,60.96,57.07
1993-10-24,59.77,56.79
1993-10-31,60.22,56.95
1993-11-07,59.48,56.64
1993-11-14,59.77,56.51
1993-11-21,60.80,55.67
1993-11-28,61.22,55.67
1993-12-05,61.22,55.67
1993-12-12,61.22,55.67
1993-12-19,61.22,55.67
1993-12-26,61.22,55.67
1994-01-02,61.22,55.67
1994-01-09,61.22,55.67
1994-01-16,61.22,55.67
1994-01-23,61.22,55.67
1994-01-30,61.33,55.41
1994-02-06,61.45,55.57
1994-02-13,62.24,55.78
1994-02-20,62.24,55.78
1994-02-27,61.97,55.86
1994-03-06,62.09,55.83
1994-03-13,62.17,56.40
1994-03-20,62.63,56.89
1994-03-27,63.16,57.67
1994-04-03,63.16,57.67
1994-04-10,63.16,57.67
1994-04-17,63.40,57.78
1994-04-24,63.38,57.15
1994-05-01,63.17,57.15
1994-05-08,63.62,56.64
1994-05-15,63.66,56.75
1994-05-22,63.72,56.51
1994-05-29,63.18,56.92
1994-06-05,63.18,56.92
1994-06-12,63.30,56.69
1994-06-19,64.10,58.69
1994-06-26,64.40,57.85
1994-07-03,63.90,56.98
1994-07-10,63.90,56.98
1994-07-17,63.50,57.35
1994-07-24,63.26,55.83
1994-07-31,63.86,55.39
1994-08-07,63.18,55.35
1994-08-14,62.84,55.05
1994-08-21,63.58,54.90
1994-08-28,63.58,55.30
1994-09-04,63.58,55.30
1994-09-11,63.58,55.30
1994-09-18,63.16,55.11
1994-09-25,63.31,55.03
1994-10-02,63.42,54.84
1994-10-09,62.57,54.66
1994-10-16,62.57,54.66
1994-10-23,62.57,54.66
1994-10-30,62.57,54.66
1994-11-06,62.57,54.66
1994-11-13,62.57,54.66
1994-11-20,62.57,54.66
1994-11-27,62.57,54.66
1994-12-04,62.36,54.13
1994-12-11,62.36,54.13
1994-12-18,62.36,54.13
1994-12-25,62.36,54.13
1995-01-01,62.36,54.13
1995-01-08,63.07,54.50
1995-01-15,63.07,55.83
1995-01-22,63.80,57.73
1995-01-29,64.80,59.74
1995-02-05,65.59,59.74
1995-02-12,65.50,59.68
1995-02-19,67.87,60.39
1995-02-26,68.92,60.75
1995-03-05,68.99,62.03
1995-03-12,69.67,62.14
1995-03-19,69.21,62.40
1995-03-26,69.31,62.65
1995-04-02,69.32,62.47
1995-04-09,69.55,62.59
1995-04-16,69.55,62.59
1995-04-23,69.55,62.59
1995-04-30,69.55,62.51
1995-05-07,69.80,62.97
1995-05-14,68.77,62.41
1995-05-21,68.69,62.23
1995-05-28,68.63,64.86
1995-06-04,68.63,64.86
1995-06-11,68.74,64.11
1995-06-18,68.31,63.21
1995-06-25,68.00,62.66
1995-07-02,68.23,62.77
1995-07-09,68.23,62.77
1995-07-16,68.82,63.29
1995-07-23,65.32,62.83
1995-07-30,64.04,61.49
1995-08-06,62.97,61.55
1995-08-13,62.97,61.11
1995-08-20,62.97,61.11
1995-08-27,62.97,61.11
1995-09-03,62.97,61.11
1995-09-10,62.19,61.26
1995-09-17,62.76,62.58
1995-09-24,62.57,60.84
1995-10-01,62.65,62.21
1995-10-08,62.65,62.21
1995-10-15,62.85,62.68
1995-10-22,62.79,62.63
1995-10-29,62.95,65.38
1995-11-05,62.97,64.93
1995-11-12,64.26,65.79
1995-11-19,65.73,66.67
1995-11-26,65.89,66.67
1995-12-03,65.84,66.68
1995-12-10,66.28,66.67
1995-12-17,67.56,66.27
1995-12-24,68.90,66.76
1995-12-31,68.90,66.76
1996-01-07,69.85,66.76
1996-01-14,69.85,66.76
1996-01-21,69.85,66.76
1996-01-28,70.00,67.10
1996-02-04,70.25,67.20
1996-02-11,70.25,66.09
1996-02-18,70.25,66.09
1996-02-25,70.25,66.09
1996-03-03,69.06,66.31
1996-03-10,68.60,66.41
1996-03-17,68.52,67.28
1996-03-24,67.09,67.15
1996-03-31,67.73,67.49
1996-04-07,67.73,67.49
1996-04-14,67.73,67.49
1996-04-21,67.60,68.27
1996-04-28,67.40,67.96
1996-05-05,67.43,67.16
1996-05-12,67.68,67.64
1996-05-19,67.37,68.28
1996-05-26,67.48,69.09
1996-06-02,66.50,69.09
1996-06-09,65.14,69.25
1996-06-16,62.36,69.41
1996-06-23,60.92,69.28
1996-06-30,60.44,69.23
1996-07-07,60.44,69.23
1996-07-14,60.67,69.41
1996-07-21,60.52,69.25
1996-07-28,59.17,67.03
1996-08-04,59.25,65.68
1996-08-11,59.25,65.68
1996-08-18,59.25,65.68
1996-08-25,59.25,65.68
1996-09-01,59.25,65.68
1996-09-08,59.22,64.46
1996-09-15,59.20,64.32
1996-09-22,58.87,63.81
1996-09-29,60.34,63.37
1996-10-06,60.34,63.20
1996-10-13,60.34,63.20
1996-10-20,60.34,63.20
1996-10-27,60.34,63.20
1996-11-03,60.34,63.20
1996-11-10,60.34,63.20
1996-11-17,60.34,63.20
1996-11-24,60.34,63.20
1996-12-01,60.34,63.20
1996-12-08,60.34,63.20
1996-12-15,60.34,63.20
1996-12-22,60.34,63.20
1996-12-29,60.34,63.20
1997-01-05,60.34,63.20
1997-01-12,61.29,63.20
1997-01-19,61.29,63.20
1997-01-26,61.29,63.20
1997-02-02,61.29,63.20
1997-02-09,61.29,63.20
1997-02-16,59.34,63.22
1997-02-23,59.34,63.22
1997-03-02,58.92,64.31
1997-03-09,58.51,64.08
1997-03-16,59.72,64.08
1997-03-23,61.26,64.31
1997-03-30,61.26,64.31
1997-04-06,61.26,64.31
1997-04-13,61.45,64.36
1997-04-20,61.85,64.65
1997-04-27,60.84,64.53
1997-05-04,60.85,64.65
1997-05-11,61.20,64.18
1997-05-18,61.13,64.17
1997-05-25,60.34,63.31
1997-06-01,60.34,63.31
1997-06-08,60.57,63.38
1997-06-15,60.11,63.57
1997-06-22,59.08,63.54
1997-06-29,60.01,63.63
1997-07-06,60.01,63.63
1997-07-13,59.12,63.11
1997-07-20,59.25,61.68
1997-07-27,58.50,60.61
1997-08-03,58.91,60.33
1997-08-10,58.91,60.33
1997-08-17,58.91,60.33
1997-08-24,58.91,60.33
1997-08-31,58.91,60.33
1997-09-07,58.11,60.37
1997-09-14,57.96,60.66
1997-09-21,57.82,60.35
1997-09-28,56.53,60.65
1997-10-05,57.56,60.38
1997-10-12,58.58,61.26
1997-10-19,58.58,61.26
1997-10-26,59.04,61.65
1997-11-02,59.96,61.28
1997-11-09,59.90,61.03
1997-11-16,60.32,61.03
1997-11-23,60.32,61.03
1997-11-30,60.32,61.03
1997-12-07,60.32,61.03
1997-12-14,60.32,61.03
1997-12-21,60.32,61.03
1997-12-28,60.32,61.03
1998-01-04,60.32,61.03
1998-01-11,60.32,61.03
1998-01-18,60.32,61.03
1998-01-25,60.32,61.03
1998-02-01,60.52,61.00
1998-02-08,61.25,61.17
1998-02-15,61.52,61.14
1998-02-22,61.52,61.14
1998-03-01,61.40,61.49
1998-03-08,61.20,61.54
1998-03-15,60.54,60.97
1998-03-22,60.05,61.34
1998-03-29,60.43,60.60
1998-04-05,60.13,63.60
1998-04-12,60.13,63.60
1998-04-19,60.13,63.60
1998-04-26,60.51,64.91
1998-05-03,61.45,62.58
1998-05-10,61.23,62.79
1998-05-17,60.69,62.40
1998-05-24,59.19,62.05
1998-05-31,59.19,62.05
1998-06-07,59.69,62.06
1998-06-14,60.18,63.22
1998-06-21,61.87,63.59
1998-06-28,60.93,62.98
1998-07-05,60.93,62.98
1998-07-12,60.93,63.14
1998-07-19,61.89,62.48
1998-07-26,61.85,62.67
1998-08-02,60.27,62.81
1998-08-09,60.65,62.81
1998-08-16,60.65,62.81
1998-08-23,60.65,62.81
1998-08-30,60.65,62.81
1998-09-06,60.65,62.61
1998-09-13,60.99,62.88
1998-09-20,60.47,63.32
1998-09-27,60.64,63.84
1998-10-04,59.90,63.92
1998-10-11,61.34,63.26
1998-10-18,61.52,63.26
1998-10-25,61.34,63.03
1998-11-01,61.34,63.03
1998-11-08,61.34,63.03
1998-11-15,61.34,63.03
1998-11-22,61.34,63.03
1998-11-29,61.34,63.03
1998-12-06,61.34,63.03
1998-12-13,61.34,63.03
1998-12-20,62.31,63.03
1998-12-27,62.31,63.03
1999-01-03,62.31,63.03
1999-01-10,63.04,63.03
1999-01-17,63.04,63.03
1999-01-24,63.04,63.03
1999-01-31,63.04,64.09
1999-02-07,63.04,64.39
1999-02-14,63.31,64.65
1999-02-21,63.31,64.65
1999-02-28,63.31,64.29
1999-03-07,63.18,64.64
1999-03-14,64.36,66.35
1999-03-21,64.38,66.03
1999-03-28,65.49,67.88
1999-04-04,65.49,67.88
1999-04-11,65.49,67.88
1999-04-18,66.06,68.28
1999-04-25,65.87,68.43
1999-05-02,65.76,68.87
1999-05-09,64.94,68.84
1999-05-16,65.03,69.18
1999-05-23,63.91,67.91
1999-05-30,62.92,66.72
1999-06-06,62.92,66.72
1999-06-13,62.51,66.52
1999-06-20,60.63,66.48
1999-06-27,60.09,66.39
1999-07-04,60.19,66.64
1999-07-11,60.19,66.64
1999-07-18,59.17,68.66
1999-07-25,60.21,68.62
1999-08-01,60.14,70.15
1999-08-08,59.54,69.30
1999-08-15,59.54,69.30
1999-08-22,59.54,69.30
1999-08-29,59.54,69.30
1999-09-05,59.54,69.30
1999-09-12,58.88,69.53
1999-09-19,58.22,69.24
1999-09-26,56.46,69.55
1999-10-03,55.70,70.61
1999-10-10,56.53,70.97
1999-10-17,56.28,70.12
1999-10-24,57.11,70.39
1999-10-31,56.94,70.48
1999-11-07,57.06,69.31
1999-11-14,57.09,69.51
1999-11-21,56.58,68.88
1999-11-28,56.58,68.88
1999-12-05,56.58,68.88
1999-12-12,56.58,68.88
1999-12-19,56.58,68.88
1999-12-26,56.58,68.88
2000-01-02,56.58,68.88
2000-01-09,56.58,68.88
2000-01-16,56.58,68.88
2000-01-23,56.58,68.88
2000-01-30,56.58,68.88
2000-02-06,56.74,68.64
2000-02-13,57.33,68.48
2000-02-20,57.52,68.48
2000-02-27,57.52,68.48
2000-03-05,57.52,69.24
2000-03-12,58.28,68.46
2000-03-19,58.34,68.46
2000-03-26,59.19,68.57
2000-04-02,58.04,68.11
2000-04-09,57.32,69.63
2000-04-16,58.01,70.21
2000-04-23,58.01,70.21
2000-04-30,58.01,70.14
2000-05-07,57.81,70.64
2000-05-14,57.75,69.91
2000-05-21,58.71,70.26
2000-05-28,58.77,69.71
2000-06-04,58.77,69.71
2000-06-11,59.65,69.60
2000-06-18,60.89,69.03
2000-06-25,59.86,68.96
2000-07-02,59.60,70.14
2000-07-09,59.60,70.14
2000-07-16,59.04,70.72
2000-07-23,58.82,70.76
2000-07-30,59.30,70.42
2000-08-06,59.30,70.42
2000-08-13,59.30,70.42
2000-08-20,59.30,70.42
2000-08-27,59.30,70.42
2000-09-03,59.30,70.42
2000-09-10,59.59,69.53
2000-09-17,59.71,66.03
2000-09-24,60.04,65.54
2000-10-01,59.77,65.70
2000-10-08,59.12,65.21
2000-10-15,58.94,64.76
2000-10-22,59.39,64.76
2000-10-29,60.56,64.54
2000-11-05,60.27,64.55
2000-11-12,60.27,64.55
2000-11-19,60.45,64.55
2000-11-26,60.45,64.55
2000-12-03,60.45,64.55
2000-12-10,60.25,64.56
2000-12-17,60.06,64.56
2000-12-24,60.06,64.56
2000-12-31,60.06,64.56
2001-01-07,60.45,64.56
2001-01-14,60.45,64.56
2001-01-21,60.45,64.56
2001-01-28,60.45,64.56
2001-02-04,60.45,64.58
2001-02-11,60.45,64.58
2001-02-18,60.45,64.58
2001-02-25,60.45,64.58
2001-03-04,60.60,64.58
2001-03-11,62.49,65.00
2001-03-18,62.49,64.82
2001-03-25,62.47,64.82
2001-04-01,62.65,64.73
2001-04-08,62.80,66.59
2001-04-15,62.80,66.59
2001-04-22,62.80,66.59
2001-04-29,63.10,66.59
2001-05-06,63.13,66.46
2001-05-13,63.67,66.86
2001-05-20,63.46,66.63
2001-05-27,63.31,69.88
2001-06-03,63.31,69.88
2001-06-10,63.31,69.72
2001-06-17,63.02,70.08
2001-06-24,63.10,70.19
2001-07-01,62.38,71.53
2001-07-08,62.38,71.53
2001-07-15,61.31,70.42
2001-07-22,60.73,69.93
2001-07-29,60.53,69.90
2001-08-05,61.02,69.39
2001-08-12,61.02,69.39
2001-08-19,61.02,69.39
2001-08-26,61.02,69.39
2001-09-02,61.02,69.39
2001-09-09,61.02,68.99
2001-09-16,61.02,68.71
2001-09-23,60.91,68.71
2001-09-30,61.26,68.27
2001-10-07,60.09,68.01
2001-10-14,59.74,67.92
2001-10-21,59.74,68.08
2001-10-28,59.94,67.91
2001-11-04,59.95,67.62
2001-11-11,59.20,67.45
2001-11-18,59.40,67.57
2001-11-25,59.40,67.57
2001-12-02,60.32,67.57
2001-12-09,60.65,66.85
2001-12-16,60.21,66.68
2001-12-23,60.77,66.62
2001-12-30,60.77,66.62
2002-01-06,60.77,66.62
2002-01-13,60.77,66.62
2002-01-20,60.77,66.62
2002-01-27,60.77,66.75
2002-02-03,60.77,66.57
2002-02-10,61.10,65.86
2002-02-17,62.39,65.91
2002-02-24,62.39,65.91
2002-03-03,61.63,66.22
2002-03-10,61.73,66.04
2002-03-17,62.59,65.72
2002-03-24,62.75,66.01
2002-03-31,62.75,66.01
2002-04-07,62.75,66.01
2002-04-14,63.27,65.77
2002-04-21,63.14,65.40
2002-04-28,62.92,63.54
2002-05-05,61.83,62.99
2002-05-12,60.37,62.89
2002-05-19,61.02,63.12
2002-05-26,62.17,63.39
2002-06-02,62.17,63.39
2002-06-09,62.81,62.52
2002-06-16,62.99,62.66
2002-06-23,62.36,62.70
2002-06-30,62.90,62.87
2002-07-07,62.90,62.87
2002-07-14,62.38,63.08
2002-07-21,61.28,63.07
2002-07-28,61.99,63.17
2002-08-04,61.99,62.93
2002-08-11,61.99,62.93
2002-08-18,61.99,62.93
2002-08-25,61.99,62.93
2002-09-01,61.99,62.93
2002-09-08,62.15,62.93
2002-09-15,62.07,63.03
2002-09-22,62.61,63.37
2002-09-29,63.16,63.76
2002-10-06,64.00,63.86
2002-10-13,63.86,63.04
2002-10-20,64.13,63.04
2002-10-27,64.13,63.04
2002-11-03,64.13,63.04
2002-11-10,64.13,63.04
2002-11-17,64.97,62.92
2002-11-24,64.97,62.58
2002-12-01,64.97,62.58
2002-12-08,64.97,62.58
2002-12-15,64.97,62.58
2002-12-22,64.97,62.58
2002-12-29,64.97,62.58
2003-01-05,64.97,62.58
2003-01-12,66.08,62.76
2003-01-19,66.08,63.72
2003-01-26,66.08,64.47
2003-02-02,66.58,64.47
2003-02-09,66.74,64.47
2003-02-16,67.03,64.34
2003-02-23,67.03,64.34
2003-03-02,67.11,64.34
2003-03-09,66.71,64.79
2003-03-16,67.00,65.00
2003-03-23,66.78,66.73
2003-03-30,66.55,69.89
2003-04-06,67.00,70.17
2003-04-13,68.29,70.21
2003-04-20,68.29,70.21
2003-04-27,68.29,70.21
2003-05-04,68.36,70.46
2003-05-11,69.75,70.76
2003-05-18,70.45,73.48
2003-05-25,72.18,74.33
2003-06-01,72.18,74.33
2003-06-08,72.50,72.19
2003-06-15,72.83,72.15
2003-06-22,73.89,72.18
2003-06-29,74.45,72.82
2003-07-06,74.45,72.82
2003-07-13,74.42,73.02
2003-07-20,72.32,72.96
2003-07-27,70.86,74.16
2003-08-03,70.86,73.62
2003-08-10,70.86,73.62
2003-08-17,70.86,73.62
2003-08-24,70.86,73.62
2003-08-31,70.86,73.62
2003-09-07,70.73,74.16
2003-09-14,70.92,75.05
2003-09-21,71.20,75.09
2003-09-28,70.90,75.35
2003-10-05,71.51,75.57
2003-10-12,71.63,75.57
2003-10-19,72.68,75.63
2003-10-26,72.75,75.10
2003-11-02,72.15,75.06
2003-11-09,71.62,74.68
2003-11-16,71.62,75.03
2003-11-23,71.96,75.14
2003-11-30,71.96,74.91
2003-12-07,71.96,74.91
2003-12-14,72.54,74.91
2003-12-21,72.54,74.91
2003-12-28,72.54,74.91
2004-01-04,72.54,74.91
2004-01-11,72.54,74.91
2004-01-18,72.54,74.91
2004-01-25,72.54,74.71
2004-02-01,72.76,74.57
2004-02-08,73.09,74.20
2004-02-15,73.22,72.75
2004-02-22,73.22,72.75
2004-02-29,72.93,72.42
2004-03-07,72.93,71.94
2004-03-14,72.80,73.66
2004-03-21,72.99,73.66
2004-03-28,72.95,73.90
2004-04-04,71.41,73.83
2004-04-11,71.41,73.67
2004-04-18,71.41,73.67
2004-04-25,71.76,73.79
2004-05-02,71.89,72.95
2004-05-09,72.05,72.67
2004-05-16,73.36,72.28
2004-05-23,74.18,72.07
2004-05-30,74.18,72.07
2004-06-06,74.39,72.04
2004-06-13,74.39,72.04
2004-06-20,74.18,72.54
2004-06-27,72.50,73.19
2004-07-04,72.50,73.19
2004-07-11,71.94,73.28
2004-07-18,69.65,72.87
2004-07-25,68.64,72.99
2004-08-01,68.64,72.99
2004-08-08,68.64,72.99
2004-08-15,68.64,72.99
2004-08-22,68.64,72.99
2004-08-29,68.64,72.99
2004-09-05,68.64,72.99
2004-09-12,68.69,73.59
2004-09-19,68.89,74.07
2004-09-26,69.42,73.89
2004-10-03,69.87,73.70
2004-10-10,70.95,71.55
2004-10-17,70.95,71.34
2004-10-24,70.95,71.34
2004-10-31,70.95,71.34
2004-11-07,70.95,71.34
2004-11-14,70.95,71.34
2004-11-21,71.12,71.06
2004-11-28,71.12,71.06
2004-12-05,71.12,71.06
2004-12-12,70.90,71.06
2004-12-19,70.90,71.06
2004-12-26,70.90,71.06
2005-01-02,70.90,71.06
2005-01-09,71.24,71.06
2005-01-16,71.24,71.06
2005-01-23,71.24,71.06
2005-01-30,71.73,70.84
2005-02-06,71.60,70.91
2005-02-13,72.15,71.12
2005-02-20,72.47,71.12
2005-02-27,72.47,71.12
2005-03-06,73.33,72.01
2005-03-13,73.25,72.92
2005-03-20,73.70,74.83
2005-03-27,73.58,74.83
2005-04-03,73.58,74.83
2005-04-10,73.58,74.72
2005-04-17,74.03,74.61
2005-04-24,73.78,73.51
2005-05-01,73.74,73.68
2005-05-08,74.00,73.68
2005-05-15,73.99,73.38
2005-05-22,73.63,72.55
2005-05-29,73.77,72.59
2005-06-05,73.77,72.59
2005-06-12,72.45,72.82
2005-06-19,71.43,72.05
2005-06-26,71.46,70.95
2005-07-03,69.47,70.08
2005-07-10,69.47,70.08
2005-07-17,69.37,70.21
2005-07-24,69.37,69.41
2005-07-31,70.31,68.64
2005-08-07,70.31,68.64
2005-08-14,70.31,68.64
2005-08-21,70.31,68.64
2005-08-28,70.31,68.64
2005-09-04,70.31,68.64
2005-09-11,70.56,68.64
2005-09-18,70.51,69.10
2005-09-25,70.82,68.54
2005-10-02,71.11,68.60
2005-10-09,70.99,68.33
2005-10-16,70.99,68.33
2005-10-23,70.65,68.06
2005-10-30,69.62,68.37
2005-11-06,68.73,68.61
2005-11-13,68.68,69.04
2005-11-20,68.90,69.83
2005-11-27,68.90,69.83
2005-12-04,68.90,69.83
2005-12-11,69.18,69.83
2005-12-18,70.27,69.12
2005-12-25,70.41,69.50
2006-01-01,70.41,69.50
2006-01-08,70.41,69.50
2006-01-15,70.41,69.50
2006-01-22,70.41,69.50
2006-01-29,70.41,69.50
2006-02-05,70.35,70.00
2006-02-12,70.47,69.88
2006-02-19,70.62,70.19
2006-02-26,70.62,70.19
2006-03-05,70.76,69.33
2006-03-12,70.53,69.39
2006-03-19,70.70,71.73
2006-03-26,70.70,71.73
2006-04-02,70.67,70.52
2006-04-09,71.61,70.83
2006-04-16,71.61,70.83
2006-04-23,71.61,70.83
2006-04-30,71.89,69.93
2006-05-07,72.58,69.43
2006-05-14,72.87,69.89
2006-05-21,72.93,68.86
2006-05-28,70.24,67.50
2006-06-04,70.24,67.50
2006-06-11,69.64,67.71
2006-06-18,68.52,67.85
2006-06-25,68.19,67.70
2006-07-02,66.35,67.65
2006-07-09,66.35,67.65
2006-07-16,66.57,67.05
2006-07-23,67.07,66.56
2006-07-30,67.57,66.45
2006-08-06,67.57,66.12
2006-08-13,67.57,66.12
2006-08-20,67.57,66.12
2006-08-27,67.57,66.12
2006-09-03,67.57,66.12
2006-09-10,66.83,66.63
2006-09-17,66.57,66.87
2006-09-24,67.80,66.91
2006-10-01,70.50,67.47
2006-10-08,70.50,67.47
2006-10-15,70.50,67.47
2006-10-22,70.50,67.47
2006-10-29,70.50,67.47
2006-11-05,70.50,67.47
2006-11-12,70.50,67.47
2006-11-19,70.24,66.86
2006-11-26,70.24,66.86
2006-12-03,70.24,66.86
2006-12-10,69.20,65.83
2006-12-17,69.20,65.83
2006-12-24,69.20,65.83
2006-12-31,69.20,65.83
2007-01-07,69.99,65.83
2007-01-14,70.81,65.70
2007-01-21,71.93,65.87
2007-01-28,73.01,66.49
2007-02-04,73.75,66.52
2007-02-11,73.72,66.38
2007-02-18,74.05,66.32
2007-02-25,74.05,66.32
2007-03-04,75.09,66.42
2007-03-11,74.62,66.15
2007-03-18,74.51,65.93
2007-03-25,75.20,68.42
2007-04-01,75.38,68.50
2007-04-08,75.38,68.50
2007-04-15,75.38,68.40
2007-04-22,77.02,68.72
2007-04-29,77.01,68.28
2007-05-06,77.25,68.36
2007-05-13,78.30,68.54
2007-05-20,78.69,67.91
2007-05-27,78.58,66.97
2007-06-03,78.58,66.97
2007-06-10,78.31,66.73
2007-06-17,76.19,67.09
2007-06-24,74.20,66.31
2007-07-01,71.43,65.84
2007-07-08,71.43,65.84
2007-07-15,72.30,66.17
2007-07-22,69.60,68.31
2007-07-29,67.50,68.56
2007-08-05,70.42,68.82
2007-08-12,70.42,68.82
2007-08-19,70.42,68.82
2007-08-26,70.42,68.82
2007-09-02,70.42,68.82
2007-09-09,70.10,68.15
2007-09-16,70.10,67.66
2007-09-23,71.43,68.16
2007-09-30,72.70,67.19
2007-10-07,73.56,67.24
2007-10-14,74.39,67.24
2007-10-21,75.37,67.14
2007-10-28,76.58,66.77
2007-11-04,77.48,66.31
2007-11-11,78.24,66.40
2007-11-18,79.71,66.78
2007-11-25,79.71,66.78
2007-12-02,79.71,66.78
2007-12-09,79.34,66.85
2007-12-16,80.20,65.59
2007-12-23,80.01,65.40
2007-12-30,80.01,65.40
2008-01-06,80.01,65.40
2008-01-13,80.01,65.40
2008-01-20,79.96,65.40
2008-01-27,80.05,65.44
2008-02-03,80.08,65.73
2008-02-10,79.97,65.81
2008-02-17,80.27,65.85
2008-02-24,80.27,65.85
2008-03-02,80.86,65.19
2008-03-09,81.37,65.32
2008-03-16,81.95,67.45
2008-03-23,81.95,67.45
2008-03-30,81.95,67.45
2008-04-06,81.87,67.67
2008-04-13,81.79,66.91
2008-04-20,82.26,66.69
2008-04-27,81.55,66.87
2008-05-04,81.46,66.87
2008-05-11,82.07,65.68
2008-05-18,82.11,65.89
2008-05-25,82.08,65.38
2008-06-01,82.08,65.38
2008-06-08,82.47,65.33
2008-06-15,82.50,65.62
2008-06-22,81.89,65.03
2008-06-29,81.55,64.66
2008-07-06,81.55,64.66
2008-07-13,81.64,64.27
2008-07-20,82.48,63.89
2008-07-27,82.60,63.81
2008-08-03,82.29,64.60
2008-08-10,82.29,64.60
2008-08-17,82.29,64.60
2008-08-24,82.29,64.60
2008-08-31,82.29,64.60
2008-09-07,82.29,64.60
2008-09-14,82.60,64.64
2008-09-21,82.95,64.64
2008-09-28,82.62,64.14
2008-10-05,81.82,63.22
2008-10-12,81.82,63.22
2008-10-19,81.82,63.22
2008-10-26,81.82,63.22
2008-11-02,81.82,63.22
2008-11-09,81.82,63.22
2008-11-16,81.82,63.22
2008-11-23,81.82,63.22
2008-11-30,81.82,63.22
2008-12-07,81.82,63.22
2008-12-14,82.05,63.24
2008-12-21,82.05,63.24
2008-12-28,82.05,63.24
2009-01-04,82.05,63.24
2009-01-11,82.17,63.17
2009-01-18,82.34,63.09
2009-01-25,82.34,64.19
2009-02-01,82.94,65.37
2009-02-08,82.94,66.79
2009-02-15,83.41,67.43
2009-02-22,83.41,67.43
2009-03-01,83.22,67.38
2009-03-08,83.25,68.14
2009-03-15,83.12,68.77
2009-03-22,82.61,68.65
2009-03-29,82.80,68.96
2009-04-05,82.43,70.11
2009-04-12,82.43,70.11
2009-04-19,82.43,70.11
2009-04-26,81.95,69.90
2009-05-03,81.85,70.10
2009-05-10,81.89,70.65
2009-05-17,81.57,70.55
2009-05-24,81.23,70.52
2009-05-31,81.23,70.52
2009-06-07,81.07,70.29
2009-06-14,80.81,70.25
2009-06-21,80.40,70.34
2009-06-28,79.10,70.54
2009-07-05,79.10,70.54
2009-07-12,79.08,69.93
2009-07-19,76.65,69.72
2009-07-26,76.58,69.31
2009-08-02,74.25,69.10
2009-08-09,74.25,69.18
2009-08-16,74.25,69.18
2009-08-23,74.25,69.18
2009-08-30,74.25,69.18
2009-09-06,74.25,69.18
2009-09-13,74.36,69.03
2009-09-20,74.30,68.88
2009-09-27,74.03,68.92
2009-10-04,73.64,69.22
2009-10-11,74.14,68.98
2009-10-18,74.78,68.83
2009-10-25,75.18,68.85
2009-11-01,74.73,68.77
2009-11-08,76.15,68.96
2009-11-15,76.15,68.87
2009-11-22,76.24,69.30
2009-11-29,76.24,69.30
2009-12-06,76.55,70.05
2009-12-13,77.09,70.73
2009-12-20,77.47,70.51
2009-12-27,77.47,72.22
2010-01-03,77.47,72.22
2010-01-10,77.47,72.22
2010-01-17,77.51,72.22
2010-01-24,77.84,72.24
2010-01-31,78.03,72.11
2010-02-07,78.41,72.24
2010-02-14,78.41,72.36
2010-02-21,78.41,72.36
2010-02-28,79.03,72.26
2010-03-07,79.01,72.70
2010-03-14,78.68,72.90
2010-03-21,79.33,72.62
2010-03-28,80.15,77.56
2010-04-04,80.15,77.56
2010-04-11,80.15,77.56
2010-04-18,80.22,77.85
2010-04-25,80.27,77.26
2010-05-02,79.04,77.65
2010-05-09,79.03,77.57
2010-05-16,79.27,77.71
2010-05-23,79.13,77.48
2010-05-30,78.89,77.17
2010-06-06,78.89,77.17
2010-06-13,78.64,77.45
2010-06-20,79.19,77.68
2010-06-27,79.13,77.98
2010-07-04,79.35,78.06
2010-07-11,79.35,78.06
2010-07-18,79.29,78.25
2010-07-25,79.19,78.68
2010-08-01,79.30,78.81
2010-08-08,79.30,79.24
2010-08-15,79.65,79.24
2010-08-22,79.65,79.24
2010-08-29,79.65,79.24
2010-09-05,79.65,79.24
2010-09-12,79.65,79.24
2010-09-19,79.85,79.24
2010-09-26,80.18,79.49
2010-10-03,79.45,79.57
2010-10-10,79.45,79.57
2010-10-17,79.45,79.57
2010-10-24,79.45,79.57
2010-10-31,79.45,79.57
2010-11-07,79.45,79.57
2010-11-14,79.45,79.57
2010-11-21,79.79,79.59
2010-11-28,79.79,79.59
2010-12-05,80.07,79.42
2010-12-12,79.80,79.37
2010-12-19,79.67,78.88
2010-12-26,79.90,78.61
2011-01-02,79.90,78.61
2011-01-09,80.51,78.61
2011-01-16,80.51,78.61
2011-01-23,80.74,78.61
2011-01-30,81.27,78.21
2011-02-06,81.27,78.21
2011-02-13,81.14,78.21
2011-02-20,75.99,77.98
2011-02-27,75.99,77.98
2011-03-06,76.47,77.77
2011-03-13,76.80,77.86
2011-03-20,77.79,77.29
2011-03-27,77.79,77.29
2011-04-03,79.27,77.29
2011-04-10,79.74,76.44
2011-04-17,79.63,76.37
2011-04-24,79.63,76.37
2011-05-01,79.63,76.37
2011-05-08,80.95,76.60
2011-05-15,81.84,76.76
2011-05-22,81.84,76.90
2011-05-29,80.40,75.89
2011-06-05,78.31,75.89
2011-06-12,78.31,75.57
2011-06-19,74.46,75.11
2011-06-26,73.34,75.39
2011-07-03,73.34,75.26
2011-07-10,69.09,75.10
2011-07-17,69.15,74.87
2011-07-24,70.54,74.68
2011-07-31,70.87,74.57
2011-08-07,70.64,74.34
2011-08-14,70.64,74.34
2011-08-21,70.64,74.34
2011-08-28,70.64,74.34
2011-09-04,70.64,74.34
2011-09-11,70.78,73.91
2011-09-18,71.14,73.72
2011-09-25,72.88,74.34
2011-10-02,72.88,74.22
2011-10-09,74.65,74.08
2011-10-16,76.17,73.72
2011-10-23,76.17,73.39
2011-10-30,77.08,73.39
2011-11-06,77.90,73.53
2011-11-13,77.90,73.58
2011-11-20,77.66,73.53
2011-11-27,77.66,73.53
2011-12-04,79.58,73.00
2011-12-11,80.08,73.23
2011-12-18,79.31,72.73
2011-12-25,79.87,72.73
2012-01-01,79.87,72.73
2012-01-08,79.87,72.73
2012-01-15,79.87,72.73
2012-01-22,79.79,72.73
2012-01-29,79.38,72.66
2012-02-05,80.57,71.46
2012-02-12,80.88,70.92
2012-02-19,80.73,71.00
2012-02-26,80.73,71.00
2012-03-04,81.11,71.11
2012-03-11,81.81,70.96
2012-03-18,81.81,70.56
2012-03-25,82.19,70.56
2012-04-01,81.76,70.75
2012-04-08,81.76,70.75
2012-04-15,81.76,70.75
2012-04-22,81.74,70.68
2012-04-29,81.96,71.31
2012-05-06,81.96,71.31
2012-05-13,80.16,71.45
2012-05-20,79.41,70.79
2012-05-27,79.41,70.14
2012-06-03,79.15,70.14
2012-06-10,75.01,70.33
2012-06-17,75.01,70.23
2012-06-24,76.69,68.70
2012-07-01,76.38,68.46
2012-07-08,76.38,68.46
2012-07-15,76.87,68.41
2012-07-22,73.73,68.82
2012-07-29,76.12,68.83
2012-08-05,77.05,69.14
2012-08-12,77.05,69.14
2012-08-19,77.05,69.14
2012-08-26,77.05,69.14
2012-09-02,77.05,69.14
2012-09-09,77.05,69.14
2012-09-16,77.73,69.14
2012-09-23,78.18,68.87
2012-09-30,78.18,68.87
2012-10-07,78.18,68.87
2012-10-14,78.18,68.87
2012-10-21,78.18,68.87
2012-10-28,78.18,68.87
2012-11-04,78.18,68.87
2012-11-11,78.18,68.87
2012-11-18,77.98,68.63
2012-11-25,77.98,68.63
2012-12-02,78.17,68.70
2012-12-09,77.81,68.69
2012-12-16,77.28,68.69
2012-12-23,77.09,68.46
2012-12-30,77.09,68.71
2013-01-06,77.15,68.71
2013-01-13,77.15,68.71
2013-01-20,76.66,68.71
2013-01-27,76.37,68.55
2013-02-03,76.37,69.09
2013-02-10,76.30,69.13
2013-02-17,76.39,69.24
2013-02-24,76.39,69.24
2013-03-03,75.34,69.38
2013-03-10,75.60,69.22
2013-03-17,75.88,69.76
2013-03-24,74.93,72.32
2013-03-31,74.93,72.32
2013-04-07,74.93,72.32
2013-04-14,74.59,72.04
2013-04-21,74.65,72.23
2013-04-28,74.06,71.73
2013-05-05,74.06,71.73
2013-05-12,74.21,71.57
2013-05-19,74.97,71.60
2013-05-26,76.09,70.74
2013-06-02,76.09,70.74
2013-06-09,75.47,70.67
2013-06-16,74.84,70.40
2013-06-23,72.40,70.62
2013-06-30,73.85,70.54
2013-07-07,73.85,70.54
2013-07-14,73.75,70.80
2013-07-21,74.99,70.68
2013-07-28,72.64,70.58
2013-08-04,74.04,70.82
2013-08-11,74.04,70.82
2013-08-18,74.04,70.82
2013-08-25,74.04,70.82
2013-09-01,74.04,70.82
2013-09-08,74.04,70.82
2013-09-15,74.04,70.71
2013-09-22,76.15,70.74
2013-09-29,76.36,70.88
2013-10-06,77.85,71.31
2013-10-13,79.07,71.10
2013-10-20,79.19,70.77
2013-10-27,78.60,70.77
2013-11-03,79.08,71.22
2013-11-10,79.08,71.41
2013-11-17,80.06,71.52
2013-11-24,81.53,72.74
2013-12-01,81.53,72.74
2013-12-08,80.26,72.74
2013-12-15,79.33,74.40
2013-12-22,79.33,74.88
2013-12-29,79.33,74.88
2014-01-05,79.33,74.88
2014-01-12,79.82,75.36
2014-01-19,79.50,75.42
2014-01-26,79.50,75.42
2014-02-02,79.24,75.10
2014-02-09,80.84,74.88
2014-02-16,80.44,74.99
2014-02-23,80.44,74.99
2014-03-02,81.81,75.59
2014-03-09,82.95,76.01
2014-03-16,84.22,76.30
2014-03-23,84.22,76.30
2014-03-30,84.77,76.27
2014-04-06,84.73,76.47
2014-04-13,84.61,76.62
2014-04-20,84.61,76.62
2014-04-27,84.61,76.62
2014-05-04,84.28,77.64
2014-05-11,83.80,77.87
2014-05-18,83.80,77.77
2014-05-25,83.58,77.92
2014-06-01,81.61,77.92
2014-06-08,81.61,78.24
2014-06-15,80.14,78.39
2014-06-22,78.22,79.02
2014-06-29,79.97,79.61
2014-07-06,79.97,79.61
2014-07-13,78.97,79.05
2014-07-20,79.06,79.01
2014-07-27,79.60,79.31
2014-08-03,81.13,79.03
2014-08-10,81.13,79.03
2014-08-17,81.13,79.03
2014-08-24,81.13,79.03
2014-08-31,81.13,79.03
2014-09-07,81.13,79.03
2014-09-14,81.68,78.94
2014-09-21,80.87,78.84
2014-09-28,80.87,78.84
2014-10-05,80.87,78.84
2014-10-12,80.87,78.84
2014-10-19,80.87,78.84
2014-10-26,80.87,78.84
2014-11-02,80.87,78.84
2014-11-09,80.87,78.84
2014-11-16,81.06,78.93
2014-11-23,81.95,79.13
2014-11-30,81.95,79.13
2014-12-07,81.40,79.44
2014-12-14,80.71,79.95
2014-12-21,80.71,80.32
2014-12-28,80.71,80.32
2015-01-04,80.71,80.32
2015-01-11,81.49,80.28
2015-01-18,81.80,80.26
2015-01-25,82.45,81.06
2015-02-01,82.58,81.65
2015-02-08,82.94,81.88
2015-02-15,82.69,81.88
2015-02-22,82.69,81.88
2015-03-01,82.25,81.54
2015-03-08,81.86,81.73
2015-03-15,81.86,81.73
2015-03-22,82.41,81.92
2015-03-29,81.24,83.95
2015-04-05,81.24,83.95
2015-04-12,81.24,83.95
2015-04-19,82.00,82.99
2015-04-26,81.62,82.94
2015-05-03,81.61,82.92
2015-05-10,81.61,83.05
2015-05-17,81.57,82.53
2015-05-24,82.29,81.57
2015-05-31,82.29,81.32
2015-06-07,81.04,80.85
2015-06-14,76.91,80.83
2015-06-21,77.32,79.53
2015-06-28,78.02,79.15
2015-07-05,78.02,79.15
2015-07-12,80.07,79.07
2015-07-19,80.41,78.18
2015-07-26,80.68,77.84
2015-08-02,82.10,76.39
2015-08-09,82.10,76.47
2015-08-16,82.10,76.47
2015-08-23,82.10,76.47
2015-08-30,82.10,76.47
2015-09-06,82.10,76.47
2015-09-13,82.39,76.54
2015-09-20,83.18,76.79
2015-09-27,83.62,76.98
2015-10-04,84.17,76.70
2015-10-11,84.51,76.26
2015-10-18,84.51,76.26
2015-10-25,85.55,75.86
2015-11-01,85.11,74.75
2015-11-08,81.30,75.10
2015-11-15,81.30,75.03
2015-11-22,81.89,75.15
2015-11-29,81.89,75.15
2015-12-06,82.32,75.65
2015-12-13,82.96,75.13
2015-12-20,82.33,74.39
2015-12-27,82.33,74.39
2016-01-03,82.33,74.39
2016-01-10,84.62,74.39
2016-01-17,85.03,74.50
2016-01-24,85.03,74.68
2016-01-31,85.03,74.61
2016-02-07,85.84,75.02
2016-02-14,86.33,74.62
2016-02-21,86.33,74.62
2016-02-28,87.11,74.62
2016-03-06,86.85,74.81
2016-03-13,86.85,74.46
2016-03-20,87.46,74.52
2016-03-27,87.67,74.52
2016-04-03,87.67,74.52
2016-04-10,87.67,74.35
2016-04-17,88.29,74.35
2016-04-24,88.42,73.72
2016-05-01,88.35,73.41
2016-05-08,88.35,73.41
2016-05-15,88.10,73.66
2016-05-22,85.56,73.06
2016-05-29,84.50,72.48
2016-06-05,84.50,72.48
2016-06-12,85.04,72.30
2016-06-19,82.06,71.75
2016-06-26,82.63,72.17
2016-07-03,82.63,71.38
2016-07-10,84.74,71.33
2016-07-17,85.60,70.91
2016-07-24,85.60,70.91
2016-07-31,85.60,70.91
2016-08-07,85.60,70.91
2016-08-14,85.60,70.91
2016-08-21,85.60,70.91
2016-08-28,85.60,70.91
2016-09-04,85.60,70.91
2016-09-11,86.21,71.14
2016-09-18,86.49,70.90
2016-09-25,86.97,70.77
2016-10-02,86.46,69.74
2016-10-09,86.46,69.74
2016-10-16,86.46,69.74
2016-10-23,86.46,69.74
2016-10-30,86.46,69.74
2016-11-06,86.46,69.74
2016-11-13,86.46,69.74
2016-11-20,87.02,69.83
2016-11-27,87.02,69.83
2016-12-04,87.27,69.83
2016-12-11,86.42,68.73
2016-12-18,86.42,68.73
2016-12-25,86.42,68.73
2017-01-01,86.42,68.73
2017-01-08,87.40,69.03
2017-01-15,88.15,71.37
2017-01-22,88.15,71.13
2017-01-29,88.37,71.11
2017-02-05,88.88,73.31
2017-02-12,89.12,74.30
2017-02-19,89.65,74.86
2017-02-26,89.65,74.86
2017-03-05,89.82,74.92
2017-03-12,89.93,75.43
2017-03-19,89.43,75.07
2017-03-26,89.36,75.64
2017-04-02,89.89,75.96
2017-04-09,90.02,76.21
2017-04-16,90.02,76.21
2017-04-23,90.02,76.21
2017-04-30,89.07,76.00
2017-05-07,88.15,76.04
2017-05-14,88.15,75.55
2017-05-21,88.24,75.65
2017-05-28,88.30,75.65
2017-06-04,88.30,75.65
2017-06-11,88.77,75.58
2017-06-18,88.25,75.61
2017-06-25,88.42,75.57
2017-07-02,88.02,75.62
2017-07-09,88.02,75.62
2017-07-16,86.98,75.16
2017-07-23,87.93,75.47
2017-07-30,87.63,76.16
2017-08-06,87.63,76.01
2017-08-13,87.63,76.01
2017-08-20,87.63,76.01
2017-08-27,87.63,76.01
2017-09-03,87.63,76.01
2017-09-10,86.18,75.19
2017-09-17,85.87,74.74
2017-09-24,85.87,75.12
2017-10-01,85.95,75.16
2017-10-08,86.01,75.28
2017-10-15,85.96,75.28
2017-10-22,85.96,76.87
2017-10-29,86.12,75.69
2017-11-05,86.67,76.02
2017-11-12,86.42,76.68
2017-11-19,85.77,77.28
2017-11-26,85.77,77.28
2017-12-03,85.78,78.81
2017-12-10,85.25,78.81
2017-12-17,85.51,79.37
2017-12-24,85.04,79.11
2017-12-31,85.04,79.11
2018-01-07,85.04,79.11
2018-01-14,83.82,78.89
2018-01-21,84.14,78.60
2018-01-28,84.09,77.71
2018-02-04,84.24,77.84
2018-02-11,83.41,77.19
2018-02-18,83.68,77.26
2018-02-25,83.68,77.26
2018-03-04,83.73,76.73
2018-03-11,84.19,76.40
2018-03-18,84.68,75.94
2018-03-25,84.20,75.08
2018-04-01,84.20,75.08
2018-04-08,84.20,75.08
2018-04-15,83.90,75.63
2018-04-22,84.03,76.22
2018-04-29,84.15,76.60
2018-05-06,84.15,76.60
2018-05-13,83.95,76.73
2018-05-20,82.13,76.83
2018-05-27,81.13,76.68
2018-06-03,81.13,76.68
2018-06-10,80.98,76.27
2018-06-17,80.54,75.51
2018-06-24,81.00,75.11
2018-07-01,79.96,74.54
2018-07-08,79.96,74.54
2018-07-15,80.68,73.91
2018-07-22,82.05,74.37
2018-07-29,81.91,73.94
2018-08-05,81.91,73.57
2018-08-12,81.91,73.57
2018-08-19,81.91,73.17
2018-08-26,81.91,73.17
2018-09-02,81.91,72.60
2018-09-09,82.57,71.95
2018-09-16,82.65,71.91
2018-09-23,82.65,71.66
2018-09-30,82.52,71.43
2018-10-07,82.52,71.68
2018-10-14,82.52,72.87
2018-10-21,82.52,72.87
2018-10-28,82.52,72.87
2018-11-04,82.52,72.87
2018-11-11,82.52,72.87
2018-11-18,82.59,72.63
2018-11-25,82.59,72.63
2018-12-02,82.37,73.28
2018-12-09,82.37,73.68
2018-12-16,81.83,74.05
2018-12-23,81.70,73.37
2018-12-30,81.70,73.37
2019-01-06,82.45,73.37
2019-01-13,83.14,73.54
2019-01-20,83.45,73.80
2019-01-27,83.83,73.97
2019-02-03,84.00,73.50
2019-02-10,84.24,72.91
2019-02-17,84.22,72.43
2019-02-24,84.22,72.43
2019-03-03,84.43,72.66
2019-03-10,85.02,73.43
2019-03-17,85.09,74.32
2019-03-24,85.09,74.32
2019-03-31,85.29,73.75
2019-04-07,85.17,74.47
2019-04-14,84.47,75.64
